region,site,site_code,lat,long,shrub_ID
Mojave,SheepholeValley,Sheephole,34.20687637,-115.7174961,1
Mojave,SheepholeValley,Sheephole,34.20697924,-115.7175678,2
Mojave,SheepholeValley,Sheephole,34.20662696,-115.7175172,3
Mojave,SheepholeValley,Sheephole,34.20697827,-115.7179014,4
Mojave,SheepholeValley,Sheephole,34.20692131,-115.7182676,5
Mojave,SheepholeValley,Sheephole,34.20688451,-115.718428,6
Mojave,SheepholeValley,Sheephole,34.20626237,-115.7174631,7
Mojave,SheepholeValley,Sheephole,34.20607503,-115.7174616,8
Mojave,SheepholeValley,Sheephole,34.20596424,-115.717458,9
Mojave,SheepholeValley,Sheephole,34.2058499,-115.7174538,10
Mojave,SheepholeValley,Sheephole,34.20564793,-115.7174325,11
Mojave,SheepholeValley,Sheephole,34.20552185,-115.7174254,12
Mojave,SheepholeValley,Sheephole,34.2053441,-115.7174285,13
Mojave,SheepholeValley,Sheephole,34.20522837,-115.7174105,14
Mojave,SheepholeValley,Sheephole,34.20514148,-115.7174041,15
Mojave,SheepholeValley,Sheephole,34.20499408,-115.7173902,16
Mojave,SheepholeValley,Sheephole,34.2047416,-115.7173771,17
Mojave,SheepholeValley,Sheephole,34.20462117,-115.7173806,18
Mojave,SheepholeValley,Sheephole,34.20444763,-115.7175893,19
Mojave,SheepholeValley,Sheephole,34.20457922,-115.7174192,20
Mojave,SheepholeValley,Sheephole,34.20452363,-115.7173887,21
Mojave,SheepholeValley,Sheephole,34.2045195,-115.7174615,22
Mojave,SheepholeValley,Sheephole,34.20447097,-115.717472,23
Mojave,SheepholeValley,Sheephole,34.20447204,-115.717517,24
Mojave,SheepholeValley,Sheephole,34.20442086,-115.7181549,25
Mojave,SheepholeValley,Sheephole,34.20444509,-115.717771,26
Mojave,SheepholeValley,Sheephole,34.20440671,-115.7185271,27
Mojave,SheepholeValley,Sheephole,34.20439476,-115.7191107,28
Mojave,SheepholeValley,Sheephole,34.20436906,-115.7196474,29
Mojave,SheepholeValley,Sheephole,34.2043767,-115.7198273,30
Mojave,SheepholeValley,Sheephole,34.20439828,-115.7200691,31
Mojave,SheepholeValley,Sheephole,34.2068859,-115.718895,32
Mojave,SheepholeValley,Sheephole,34.20691091,-115.7184858,33
Mojave,SheepholeValley,Sheephole,34.20690255,-115.7188002,34
Mojave,SheepholeValley,Sheephole,34.20686368,-115.7192836,35
Mojave,SheepholeValley,Sheephole,34.20684788,-115.7195103,36
Mojave,SheepholeValley,Sheephole,34.20677947,-115.7200562,37
Mojave,SheepholeValley,Sheephole,34.20681465,-115.7196392,38
Mojave,SheepholeValley,Sheephole,34.20682701,-115.7199369,39
Mojave,SheepholeValley,Sheephole,34.20693403,-115.717944,40
Mojave,SheepholeValley,Sheephole,34.20690718,-115.7176725,41
Mojave,SheepholeValley,Sheephole,34.20693908,-115.718025,42
Mojave,SheepholeValley,Sheephole,34.20686222,-115.7180917,43
Mojave,SheepholeValley,Sheephole,34.20683599,-115.7179141,44
Mojave,SheepholeValley,Sheephole,34.20694982,-115.7177531,45
Mojave,SheepholeValley,Sheephole,34.20680832,-115.7179575,46
Mojave,SheepholeValley,Sheephole,34.20671413,-115.7180501,47
Mojave,SheepholeValley,Sheephole,34.20669059,-115.7181217,48
Mojave,SheepholeValley,Sheephole,34.20686666,-115.7178273,49
Mojave,SheepholeValley,Sheephole,34.20689425,-115.7176121,50
Mojave,SheepholeValley,Sheephole,34.20684575,-115.7176563,51
Mojave,SheepholeValley,Sheephole,34.20683077,-115.7177749,52
Mojave,SheepholeValley,Sheephole,34.2067963,-115.7176253,53
Mojave,SheepholeValley,Sheephole,34.20676926,-115.7176733,54
Mojave,SheepholeValley,Sheephole,34.20680232,-115.7178392,55
Mojave,SheepholeValley,Sheephole,34.20668626,-115.7177532,56
Mojave,SheepholeValley,Sheephole,34.20674827,-115.7178965,57
Mojave,SheepholeValley,Sheephole,34.20660726,-115.718122,58
Mojave,SheepholeValley,Sheephole,34.20678353,-115.7177396,59
Mojave,SheepholeValley,Sheephole,34.20671378,-115.7176162,60
Mojave,SheepholeValley,Sheephole,34.20665603,-115.7178088,61
Mojave,SheepholeValley,Sheephole,34.20664132,-115.7176811,62
Mojave,SheepholeValley,Sheephole,34.2065733,-115.7177369,63
Mojave,SheepholeValley,Sheephole,34.20666587,-115.7178653,64
Mojave,SheepholeValley,Sheephole,34.20669381,-115.7179372,65
Mojave,SheepholeValley,Sheephole,34.20663004,-115.7179733,66
Mojave,SheepholeValley,Sheephole,34.20661778,-115.7179489,67
Mojave,SheepholeValley,Sheephole,34.20659095,-115.7177927,68
Mojave,SheepholeValley,Sheephole,34.20658958,-115.7180398,69
Mojave,SheepholeValley,Sheephole,34.20679328,-115.7181027,70
Mojave,SheepholeValley,Sheephole,34.20677456,-115.7179971,71
Mojave,SheepholeValley,Sheephole,34.20687429,-115.7186931,72
Mojave,SheepholeValley,Sheephole,34.20687928,-115.7183328,73
Mojave,SheepholeValley,Sheephole,34.20684509,-115.7181451,74
Mojave,SheepholeValley,Sheephole,34.20684288,-115.7181921,75
Mojave,SheepholeValley,Sheephole,34.20684135,-115.7182692,76
Mojave,SheepholeValley,Sheephole,34.20684429,-115.7183373,77
Mojave,SheepholeValley,Sheephole,34.20680325,-115.7182618,78
Mojave,SheepholeValley,Sheephole,34.20678075,-115.7183135,79
Mojave,SheepholeValley,Sheephole,34.20685247,-115.7185195,80
Mojave,SheepholeValley,Sheephole,34.20681176,-115.7184584,81
Mojave,SheepholeValley,Sheephole,34.20680798,-115.7185477,82
Mojave,SheepholeValley,Sheephole,34.20681176,-115.7184584,83
Mojave,SheepholeValley,Sheephole,34.20684034,-115.7186478,84
Mojave,SheepholeValley,Sheephole,34.20680887,-115.7187993,85
Mojave,SheepholeValley,Sheephole,34.20679892,-115.7187287,86
Mojave,SheepholeValley,Sheephole,34.20681808,-115.7186794,87
Mojave,SheepholeValley,Sheephole,34.20678102,-115.718625,88
Mojave,SheepholeValley,Sheephole,34.20678495,-115.7185182,89
Mojave,SheepholeValley,Sheephole,34.20675367,-115.7184452,90
Mojave,SheepholeValley,Sheephole,34.20672665,-115.7185123,91
Mojave,SheepholeValley,Sheephole,34.20674975,-115.7186344,92
Mojave,SheepholeValley,Sheephole,34.20670935,-115.7183826,93
Mojave,SheepholeValley,Sheephole,34.20675749,-115.7181789,94
Mojave,SheepholeValley,Sheephole,34.20670782,-115.7182704,95
Mojave,SheepholeValley,Sheephole,34.20667602,-115.7181859,96
Mojave,SheepholeValley,Sheephole,34.20668065,-115.7183287,97
Mojave,SheepholeValley,Sheephole,34.20662349,-115.7183018,98
Mojave,SheepholeValley,Sheephole,34.20659604,-115.7182585,99
Mojave,SheepholeValley,Sheephole,34.20656692,-115.7180614,100
Mojave,SheepholeValley,Sheephole,34.2066694,-115.7184208,101
Mojave,SheepholeValley,Sheephole,34.20671092,-115.7187065,102
Mojave,SheepholeValley,Sheephole,34.2066944,-115.7187325,103
Mojave,SheepholeValley,Sheephole,34.20668915,-115.7186482,104
Mojave,SheepholeValley,Sheephole,34.20671314,-115.7185623,105
Mojave,SheepholeValley,Sheephole,34.20666191,-115.7185783,106
Mojave,SheepholeValley,Sheephole,34.20667094,-115.718459,107
Mojave,SheepholeValley,Sheephole,34.20664433,-115.7184127,108
Mojave,SheepholeValley,Sheephole,34.2066318,-115.7186657,109
Mojave,SheepholeValley,Sheephole,34.20664899,-115.718792,110
Mojave,SheepholeValley,Sheephole,34.20663869,-115.718738,111
Mojave,SheepholeValley,Sheephole,34.20661946,-115.718787,112
Mojave,SheepholeValley,Sheephole,34.20663769,-115.7185056,113
Mojave,SheepholeValley,Sheephole,34.20661264,-115.718599,114
Mojave,SheepholeValley,Sheephole,34.20659638,-115.7185319,115
Mojave,SheepholeValley,Sheephole,34.20659205,-115.7183972,116
Mojave,SheepholeValley,Sheephole,34.20657084,-115.7184662,117
Mojave,SheepholeValley,Sheephole,34.20656972,-115.7185412,118
Mojave,SheepholeValley,Sheephole,34.20656563,-115.718633,119
Mojave,SheepholeValley,Sheephole,34.20658106,-115.7187237,120
Mojave,SheepholeValley,Sheephole,34.2065513,-115.7187226,121
Mojave,SheepholeValley,Sheephole,34.2065229,-115.7187718,122
Mojave,SheepholeValley,Sheephole,34.20652437,-115.7186171,123
Mojave,SheepholeValley,Sheephole,34.20650765,-115.7186978,124
Mojave,SheepholeValley,Sheephole,34.20651555,-115.7184977,125
Mojave,SheepholeValley,Sheephole,34.206567,-115.7182142,126
Mojave,SheepholeValley,Sheephole,34.2065514,-115.718283,127
Mojave,SheepholeValley,Sheephole,34.20653883,-115.7183936,128
Mojave,SheepholeValley,Sheephole,34.20651039,-115.7184204,129
Mojave,SheepholeValley,Sheephole,34.20648785,-115.7184001,130
Mojave,SheepholeValley,Sheephole,34.20648098,-115.7184167,131
Mojave,SheepholeValley,Sheephole,34.20649508,-115.7185281,132
Mojave,SheepholeValley,Sheephole,34.20648601,-115.7186148,133
Mojave,SheepholeValley,Sheephole,34.2064615,-115.7185631,134
Mojave,SheepholeValley,Sheephole,34.2065383,-115.7181049,135
Mojave,SheepholeValley,Sheephole,34.20649497,-115.7182826,136
Mojave,SheepholeValley,Sheephole,34.20648591,-115.718242,137
Mojave,SheepholeValley,Sheephole,34.20645776,-115.7184214,138
Mojave,SheepholeValley,Sheephole,34.20644763,-115.718376,139
Mojave,SheepholeValley,Sheephole,34.20650083,-115.7181546,140
Mojave,SheepholeValley,Sheephole,34.20651962,-115.7180785,141
Mojave,SheepholeValley,Sheephole,34.2064492,-115.7182888,142
Mojave,SheepholeValley,Sheephole,34.20660198,-115.7179792,143
Mojave,SheepholeValley,Sheephole,34.20659602,-115.7179343,144
Mojave,SheepholeValley,Sheephole,34.20653874,-115.7179811,145
Mojave,SheepholeValley,Sheephole,34.20649023,-115.7179998,146
Mojave,SheepholeValley,Sheephole,34.20652669,-115.7178936,147
Mojave,SheepholeValley,Sheephole,34.20645436,-115.7181438,148
Mojave,SheepholeValley,Sheephole,34.20645913,-115.7181901,149
Mojave,SheepholeValley,Sheephole,34.20643324,-115.7181901,150
Mojave,SheepholeValley,Sheephole,34.20640509,-115.7181872,151
Mojave,SheepholeValley,Sheephole,34.20638934,-115.7181547,152
Mojave,SheepholeValley,Sheephole,34.20638946,-115.7181151,153
Mojave,SheepholeValley,Sheephole,34.2063603,-115.7181738,154
Mojave,SheepholeValley,Sheephole,34.20635988,-115.7181305,155
Mojave,SheepholeValley,Sheephole,34.20653275,-115.7178046,156
Mojave,SheepholeValley,Sheephole,34.20651002,-115.717761,157
Mojave,SheepholeValley,Sheephole,34.20654543,-115.7176819,158
Mojave,SheepholeValley,Sheephole,34.20648988,-115.7178118,159
Mojave,SheepholeValley,Sheephole,34.2064872,-115.7177131,160
Mojave,SheepholeValley,Sheephole,34.20647212,-115.7179151,161
Mojave,SheepholeValley,Sheephole,34.20634369,-115.7179918,162
Mojave,SheepholeValley,Sheephole,34.20644583,-115.7178736,163
Mojave,SheepholeValley,Sheephole,34.20639782,-115.7178142,164
Mojave,SheepholeValley,Sheephole,34.20652004,-115.717542,165
Mojave,SheepholeValley,Sheephole,34.20649047,-115.7175954,166
Mojave,SheepholeValley,Sheephole,34.20641506,-115.7175716,167
Mojave,SheepholeValley,Sheephole,34.20637099,-115.7179115,168
Mojave,SheepholeValley,Sheephole,34.2063197,-115.7179261,169
Mojave,SheepholeValley,Sheephole,34.20637132,-115.717753,170
Mojave,SheepholeValley,Sheephole,34.20632945,-115.7177807,171
Mojave,SheepholeValley,Sheephole,34.20636601,-115.7175882,172
Mojave,SheepholeValley,Sheephole,34.2064882,-115.7188369,173
Mojave,SheepholeValley,Sheephole,34.20647636,-115.7187415,174
Mojave,SheepholeValley,Sheephole,34.20645722,-115.7187966,175
Mojave,SheepholeValley,Sheephole,34.20643292,-115.7187414,176
Mojave,SheepholeValley,Sheephole,34.20642149,-115.7187025,177
Mojave,SheepholeValley,Sheephole,34.20643292,-115.7187414,178
Mojave,SheepholeValley,Sheephole,34.20644011,-115.7186329,179
Mojave,SheepholeValley,Sheephole,34.20640235,-115.7188318,180
Mojave,SheepholeValley,Sheephole,34.20638003,-115.7187799,181
Mojave,SheepholeValley,Sheephole,34.20640864,-115.7186811,182
Mojave,SheepholeValley,Sheephole,34.20641024,-115.7185893,183
Mojave,SheepholeValley,Sheephole,34.20642274,-115.7184988,184
Mojave,SheepholeValley,Sheephole,34.20638383,-115.7184603,185
Mojave,SheepholeValley,Sheephole,34.20638523,-115.7185216,186
Mojave,SheepholeValley,Sheephole,34.20638934,-115.7186293,187
Mojave,SheepholeValley,Sheephole,34.20640944,-115.7187449,188
Mojave,SheepholeValley,Sheephole,34.20634755,-115.718771,189
Mojave,SheepholeValley,Sheephole,34.20630765,-115.7188316,190
Mojave,SheepholeValley,Sheephole,34.20634393,-115.7187132,191
Mojave,SheepholeValley,Sheephole,34.20636128,-115.7186001,192
Mojave,SheepholeValley,Sheephole,34.20637511,-115.7183876,193
Mojave,SheepholeValley,Sheephole,34.2063919,-115.7183004,194
Mojave,SheepholeValley,Sheephole,34.20636945,-115.7182524,195
Mojave,SheepholeValley,Sheephole,34.2063272,-115.7183301,196
Mojave,SheepholeValley,Sheephole,34.20632348,-115.7182696,197
Mojave,SheepholeValley,Sheephole,34.2063147,-115.7181607,198
Mojave,SheepholeValley,Sheephole,34.20630318,-115.7183574,199
Mojave,SheepholeValley,Sheephole,34.20632576,-115.7185105,200
Mojave,SheepholeValley,Sheephole,34.20631053,-115.7186966,201
Mojave,SheepholeValley,Sheephole,34.20628567,-115.7187299,202
Mojave,SheepholeValley,Sheephole,34.2062224,-115.7187934,203
Mojave,SheepholeValley,Sheephole,34.20620145,-115.718843,204
Mojave,SheepholeValley,Sheephole,34.20617701,-115.718794,205
Mojave,SheepholeValley,Sheephole,34.20616275,-115.7188437,206
Mojave,SheepholeValley,Sheephole,34.20632141,-115.7185623,207
Mojave,SheepholeValley,Sheephole,34.20627904,-115.7184966,208
Mojave,SheepholeValley,Sheephole,34.20628485,-115.7186095,209
Mojave,SheepholeValley,Sheephole,34.20623918,-115.7185367,210
Mojave,SheepholeValley,Sheephole,34.20621839,-115.7186105,211
Mojave,SheepholeValley,Sheephole,34.20620051,-115.7186686,212
Mojave,SheepholeValley,Sheephole,34.20618938,-115.7185291,213
Mojave,SheepholeValley,Sheephole,34.20615942,-115.7185498,214
Mojave,SheepholeValley,Sheephole,34.20616402,-115.7186175,215
Mojave,SheepholeValley,Sheephole,34.20614899,-115.7186695,216
Mojave,SheepholeValley,Sheephole,34.20611515,-115.7186164,217
Mojave,SheepholeValley,Sheephole,34.20628857,-115.7183899,218
Mojave,SheepholeValley,Sheephole,34.20628398,-115.7182836,219
Mojave,SheepholeValley,Sheephole,34.20628452,-115.7182068,220
Mojave,SheepholeValley,Sheephole,34.20624444,-115.7183649,221
Mojave,SheepholeValley,Sheephole,34.20624046,-115.7182892,222
Mojave,SheepholeValley,Sheephole,34.20623152,-115.7181922,223
Mojave,SheepholeValley,Sheephole,34.20619001,-115.7182806,224
Mojave,SheepholeValley,Sheephole,34.20621185,-115.7183602,225
Mojave,SheepholeValley,Sheephole,34.20618566,-115.7184312,226
Mojave,SheepholeValley,Sheephole,34.20618441,-115.7183645,227
Mojave,SheepholeValley,Sheephole,34.20615704,-115.7183226,228
Mojave,SheepholeValley,Sheephole,34.20613713,-115.7182855,229
Mojave,SheepholeValley,Sheephole,34.20613235,-115.7184758,230
Mojave,SheepholeValley,Sheephole,34.20614343,-115.7183937,231
Mojave,SheepholeValley,Sheephole,34.20607999,-115.718683,232
Mojave,SheepholeValley,Sheephole,34.20610345,-115.718364,233
Mojave,SheepholeValley,Sheephole,34.2060777,-115.7184534,234
Mojave,SheepholeValley,Sheephole,34.20605863,-115.7183434,235
Mojave,SheepholeValley,Sheephole,34.20628311,-115.7175815,236
Mojave,SheepholeValley,Sheephole,34.2062803,-115.7175509,237
Mojave,SheepholeValley,Sheephole,34.20625785,-115.7178277,238
Mojave,SheepholeValley,Sheephole,34.2062283,-115.7177941,239
Mojave,SheepholeValley,Sheephole,34.20620584,-115.7177978,240
Mojave,SheepholeValley,Sheephole,34.2062402,-115.717603,241
Mojave,SheepholeValley,Sheephole,34.20625481,-115.7175747,242
Mojave,SheepholeValley,Sheephole,34.20618611,-115.7176012,243
Mojave,SheepholeValley,Sheephole,34.20616473,-115.7175175,244
Mojave,SheepholeValley,Sheephole,34.20613592,-115.7175218,245
Mojave,SheepholeValley,Sheephole,34.20616267,-115.7176951,246
Mojave,SheepholeValley,Sheephole,34.20614706,-115.7176029,247
Mojave,SheepholeValley,Sheephole,34.20628707,-115.7179968,248
Mojave,SheepholeValley,Sheephole,34.20624927,-115.7179252,249
Mojave,SheepholeValley,Sheephole,34.20609797,-115.7176386,250
Mojave,SheepholeValley,Sheephole,34.20607943,-115.7175635,251
Mojave,SheepholeValley,Sheephole,34.20603962,-115.717637,252
Mojave,SheepholeValley,Sheephole,34.20604128,-115.7175849,253
Mojave,SheepholeValley,Sheephole,34.20608787,-115.7176805,254
Mojave,SheepholeValley,Sheephole,34.20605217,-115.7176976,255
Mojave,SheepholeValley,Sheephole,34.20601831,-115.7175198,256
Mojave,SheepholeValley,Sheephole,34.20600175,-115.7175938,257
Mojave,SheepholeValley,Sheephole,34.20600646,-115.7176567,258
Mojave,SheepholeValley,Sheephole,34.20622317,-115.7179046,259
Mojave,SheepholeValley,Sheephole,34.20622543,-115.7179575,260
Mojave,SheepholeValley,Sheephole,34.2062051,-115.7179083,261
Mojave,SheepholeValley,Sheephole,34.20615272,-115.7179419,262
Mojave,SheepholeValley,Sheephole,34.20613237,-115.7178274,263
Mojave,SheepholeValley,Sheephole,34.2061174,-115.7177657,264
Mojave,SheepholeValley,Sheephole,34.20606735,-115.7178361,265
Mojave,SheepholeValley,Sheephole,34.20605523,-115.7177629,266
Mojave,SheepholeValley,Sheephole,34.20596916,-115.7177729,267
Mojave,SheepholeValley,Sheephole,34.20610235,-115.7180044,268
Mojave,SheepholeValley,Sheephole,34.20610254,-115.7179469,269
Mojave,SheepholeValley,Sheephole,34.2061028,-115.7178947,270
Mojave,SheepholeValley,Sheephole,34.20601794,-115.7179206,271
Mojave,SheepholeValley,Sheephole,34.20602035,-115.7179883,272
Mojave,SheepholeValley,Sheephole,34.20630326,-115.7180835,273
Mojave,SheepholeValley,Sheephole,34.20620934,-115.7180051,274
Mojave,SheepholeValley,Sheephole,34.20613307,-115.7180335,275
Mojave,SheepholeValley,Sheephole,34.20625079,-115.7180755,276
Mojave,SheepholeValley,Sheephole,34.20607146,-115.7182263,277
Mojave,SheepholeValley,Sheephole,34.20603997,-115.7182653,278
Mojave,SheepholeValley,Sheephole,34.20612756,-115.7181385,279
Mojave,SheepholeValley,Sheephole,34.20621874,-115.7181315,280
Mojave,SheepholeValley,Sheephole,34.2061713,-115.718074,281
Mojave,SheepholeValley,Sheephole,34.2068502,-115.7189174,282
Mojave,SheepholeValley,Sheephole,34.20684604,-115.7190314,283
Mojave,SheepholeValley,Sheephole,34.20678433,-115.7189819,284
Mojave,SheepholeValley,Sheephole,34.20679688,-115.7190505,285
Mojave,SheepholeValley,Sheephole,34.20677131,-115.7191089,286
Mojave,SheepholeValley,Sheephole,34.20675607,-115.7188522,287
Mojave,SheepholeValley,Sheephole,34.20671787,-115.7188665,288
Mojave,SheepholeValley,Sheephole,34.2066634,-115.7188744,289
Mojave,SheepholeValley,Sheephole,34.20669771,-115.7189649,290
Mojave,SheepholeValley,Sheephole,34.20675297,-115.7190765,291
Mojave,SheepholeValley,Sheephole,34.20682269,-115.7192601,292
Mojave,SheepholeValley,Sheephole,34.20682032,-115.719338,293
Mojave,SheepholeValley,Sheephole,34.20677233,-115.7193875,294
Mojave,SheepholeValley,Sheephole,34.20673284,-115.7193245,295
Mojave,SheepholeValley,Sheephole,34.20670559,-115.7191614,296
Mojave,SheepholeValley,Sheephole,34.20672097,-115.7194703,297
Mojave,SheepholeValley,Sheephole,34.20669896,-115.7194799,298
Mojave,SheepholeValley,Sheephole,34.20669687,-115.7196291,299
Mojave,SheepholeValley,Sheephole,34.20668694,-115.7194117,300
Mojave,SheepholeValley,Sheephole,34.2066539,-115.7195193,301
Mojave,SheepholeValley,Sheephole,34.20667454,-115.7190625,302
Mojave,SheepholeValley,Sheephole,34.20664431,-115.7191142,303
Mojave,SheepholeValley,Sheephole,34.20663505,-115.719241,304
Mojave,SheepholeValley,Sheephole,34.20662986,-115.71894,305
Mojave,SheepholeValley,Sheephole,34.20664431,-115.7191142,306
Mojave,SheepholeValley,Sheephole,34.20656578,-115.7189357,307
Mojave,SheepholeValley,Sheephole,34.20656118,-115.7190552,308
Mojave,SheepholeValley,Sheephole,34.20656958,-115.7191557,309
Mojave,SheepholeValley,Sheephole,34.20661132,-115.7193263,310
Mojave,SheepholeValley,Sheephole,34.20661981,-115.7193786,311
Mojave,SheepholeValley,Sheephole,34.20661385,-115.719426,312
Mojave,SheepholeValley,Sheephole,34.20664872,-115.7195598,313
Mojave,SheepholeValley,Sheephole,34.20663679,-115.7196661,314
Mojave,SheepholeValley,Sheephole,34.20658315,-115.7196116,315
Mojave,SheepholeValley,Sheephole,34.20656598,-115.7194626,316
Mojave,SheepholeValley,Sheephole,34.20653018,-115.7193652,317
Mojave,SheepholeValley,Sheephole,34.20652303,-115.7194362,318
Mojave,SheepholeValley,Sheephole,34.20655073,-115.7192186,319
Mojave,SheepholeValley,Sheephole,34.2064681,-115.7189877,320
Mojave,SheepholeValley,Sheephole,34.2064618,-115.7190358,321
Mojave,SheepholeValley,Sheephole,34.2065454,-115.7195683,322
Mojave,SheepholeValley,Sheephole,34.20647086,-115.7194989,323
Mojave,SheepholeValley,Sheephole,34.20650351,-115.7192052,324
Mojave,SheepholeValley,Sheephole,34.20649955,-115.7196343,325
Mojave,SheepholeValley,Sheephole,34.20643226,-115.719615,326
Mojave,SheepholeValley,Sheephole,34.20641339,-115.7195332,327
Mojave,SheepholeValley,Sheephole,34.20637932,-115.7196112,328
Mojave,SheepholeValley,Sheephole,34.2063962,-115.7192021,329
Mojave,SheepholeValley,Sheephole,34.20639808,-115.7194058,330
Mojave,SheepholeValley,Sheephole,34.20638239,-115.7194539,331
Mojave,SheepholeValley,Sheephole,34.20642583,-115.7193174,332
Mojave,SheepholeValley,Sheephole,34.2063484,-115.7189069,333
Mojave,SheepholeValley,Sheephole,34.20634826,-115.7189675,334
Mojave,SheepholeValley,Sheephole,34.20635702,-115.7192261,335
Mojave,SheepholeValley,Sheephole,34.20632277,-115.7196156,336
Mojave,SheepholeValley,Sheephole,34.20628491,-115.7195711,337
Mojave,SheepholeValley,Sheephole,34.20624614,-115.7196168,338
Mojave,SheepholeValley,Sheephole,34.20630062,-115.719482,339
Mojave,SheepholeValley,Sheephole,34.20636587,-115.7193409,340
Mojave,SheepholeValley,Sheephole,34.20631483,-115.7193551,341
Mojave,SheepholeValley,Sheephole,34.20627899,-115.7194163,342
Mojave,SheepholeValley,Sheephole,34.20633553,-115.7192365,343
Mojave,SheepholeValley,Sheephole,34.20640601,-115.7191127,344
Mojave,SheepholeValley,Sheephole,34.20622482,-115.7194862,345
Mojave,SheepholeValley,Sheephole,34.20620961,-115.7195268,346
Mojave,SheepholeValley,Sheephole,34.20618766,-115.7194171,347
Mojave,SheepholeValley,Sheephole,34.20627087,-115.7192678,348
Mojave,SheepholeValley,Sheephole,34.2063329,-115.7191741,349
Mojave,SheepholeValley,Sheephole,34.20626492,-115.7192105,350
Mojave,SheepholeValley,Sheephole,34.20618424,-115.7193421,351
Mojave,SheepholeValley,Sheephole,34.20625483,-115.7190868,352
Mojave,SheepholeValley,Sheephole,34.20627185,-115.7189908,353
Mojave,SheepholeValley,Sheephole,34.20630492,-115.7188698,354
Mojave,SheepholeValley,Sheephole,34.20633329,-115.7190445,355
Mojave,SheepholeValley,Sheephole,34.20618533,-115.7192565,356
Mojave,SheepholeValley,Sheephole,34.2061714,-115.719146,357
Mojave,SheepholeValley,Sheephole,34.2061524,-115.7194187,358
Mojave,SheepholeValley,Sheephole,34.20614046,-115.7192035,359
Mojave,SheepholeValley,Sheephole,34.2061342,-115.7192506,360
Mojave,SheepholeValley,Sheephole,34.20623769,-115.7189756,361
Mojave,SheepholeValley,Sheephole,34.20617066,-115.7189545,362
Mojave,SheepholeValley,Sheephole,34.20612381,-115.7188999,363
Mojave,SheepholeValley,Sheephole,34.20611569,-115.719004,364
Mojave,SheepholeValley,Sheephole,34.20615836,-115.7195173,365
Mojave,SheepholeValley,Sheephole,34.20615454,-115.7195779,366
Mojave,SheepholeValley,Sheephole,34.20607061,-115.7188101,367
Mojave,SheepholeValley,Sheephole,34.20604337,-115.7191295,368
Mojave,SheepholeValley,Sheephole,34.20606156,-115.7190398,369
Mojave,SheepholeValley,Sheephole,34.20604627,-115.7193211,370
Mojave,SheepholeValley,Sheephole,34.20604627,-115.7193211,371
Mojave,SheepholeValley,Sheephole,34.20610949,-115.7195548,372
Mojave,SheepholeValley,Sheephole,34.20609421,-115.7194716,373
Mojave,SheepholeValley,Sheephole,34.20605608,-115.7195127,374
Mojave,SheepholeValley,Sheephole,34.20601569,-115.7195133,375
Mojave,SheepholeValley,Sheephole,34.20681702,-115.71977,376
Mojave,SheepholeValley,Sheephole,34.20679304,-115.7199844,377
Mojave,SheepholeValley,Sheephole,34.20672779,-115.7200674,378
Mojave,SheepholeValley,Sheephole,34.20678757,-115.7198512,379
Mojave,SheepholeValley,Sheephole,34.20675233,-115.7197404,380
Mojave,SheepholeValley,Sheephole,34.20672157,-115.7200123,381
Mojave,SheepholeValley,Sheephole,34.20675221,-115.719841,382
Mojave,SheepholeValley,Sheephole,34.20673551,-115.719896,383
Mojave,SheepholeValley,Sheephole,34.20670298,-115.7199738,384
Mojave,SheepholeValley,Sheephole,34.20669126,-115.7199417,385
Mojave,SheepholeValley,Sheephole,34.20666611,-115.7199647,386
Mojave,SheepholeValley,Sheephole,34.2066619,-115.7197901,387
Mojave,SheepholeValley,Sheephole,34.20659046,-115.7197001,388
Mojave,SheepholeValley,Sheephole,34.20664318,-115.7199444,389
Mojave,SheepholeValley,Sheephole,34.20642757,-115.7199466,390
Mojave,SheepholeValley,Sheephole,34.20647292,-115.7197382,391
Mojave,SheepholeValley,Sheephole,34.2066777,-115.7200324,392
Mojave,SheepholeValley,Sheephole,34.20664618,-115.7200617,393
Mojave,SheepholeValley,Sheephole,34.20662746,-115.7200309,394
Mojave,SheepholeValley,Sheephole,34.20659249,-115.7200562,395
Mojave,SheepholeValley,Sheephole,34.20655936,-115.7200085,396
Mojave,SheepholeValley,Sheephole,34.20649955,-115.7200459,397
Mojave,SheepholeValley,Sheephole,34.20648625,-115.7200188,398
Mojave,SheepholeValley,Sheephole,34.20645779,-115.7200434,399
Mojave,SheepholeValley,Sheephole,34.20660352,-115.7199371,400
Mojave,SheepholeValley,Sheephole,34.20660164,-115.7198617,401
Mojave,SheepholeValley,Sheephole,34.20643899,-115.7197959,402
Mojave,SheepholeValley,Sheephole,34.20633575,-115.7200133,403
Mojave,SheepholeValley,Sheephole,34.20639099,-115.7198848,404
Mojave,SheepholeValley,Sheephole,34.20632004,-115.7198137,405
Mojave,SheepholeValley,Sheephole,34.20627354,-115.7200357,406
Mojave,SheepholeValley,Sheephole,34.20625986,-115.7199412,407
Mojave,SheepholeValley,Sheephole,34.20630317,-115.7197546,408
Mojave,SheepholeValley,Sheephole,34.20619066,-115.720025,409
Mojave,SheepholeValley,Sheephole,34.2061905,-115.7199832,410
Mojave,SheepholeValley,Sheephole,34.20618887,-115.7198983,411
Mojave,SheepholeValley,Sheephole,34.20626002,-115.7197048,412
Mojave,SheepholeValley,Sheephole,34.20614952,-115.7199035,413
Mojave,SheepholeValley,Sheephole,34.20618351,-115.7196889,414
Mojave,SheepholeValley,Sheephole,34.2061674,-115.7197589,415
Mojave,SheepholeValley,Sheephole,34.206198,-115.7200711,416
Mojave,SheepholeValley,Sheephole,34.20614797,-115.7200809,417
Mojave,SheepholeValley,Sheephole,34.20611639,-115.7200212,418
Mojave,SheepholeValley,Sheephole,34.20632516,-115.7200844,419
Mojave,SheepholeValley,Sheephole,34.20609166,-115.7197038,420
Mojave,SheepholeValley,Sheephole,34.20609,-115.7196619,421
Mojave,SheepholeValley,Sheephole,34.20600848,-115.7196662,422
Mojave,SheepholeValley,Sheephole,34.20600267,-115.7197426,423
Mojave,SheepholeValley,Sheephole,34.20605171,-115.7200211,424
Mojave,SheepholeValley,Sheephole,34.2060717,-115.7200768,425
Mojave,SheepholeValley,Sheephole,34.20602607,-115.7200678,426
Mojave,SheepholeValley,Sheephole,34.20606533,-115.7199562,427
Mojave,SheepholeValley,Sheephole,34.20607973,-115.7198886,428
Mojave,SheepholeValley,Sheephole,34.20602843,-115.7199059,429
Mojave,SheepholeValley,Sheephole,34.20600036,-115.7199748,430
Mojave,SheepholeValley,Sheephole,34.20599875,-115.7200156,431
Mojave,SheepholeValley,Sheephole,34.20599455,-115.7198952,432
Mojave,SheepholeValley,Sheephole,34.20605561,-115.7197936,433
Mojave,SheepholeValley,Sheephole,34.20594455,-115.7179406,434
Mojave,SheepholeValley,Sheephole,34.20593773,-115.7178357,435
Mojave,SheepholeValley,Sheephole,34.20597093,-115.7175665,436
Mojave,SheepholeValley,Sheephole,34.20594791,-115.7176753,437
Mojave,SheepholeValley,Sheephole,34.2059384,-115.7177366,438
Mojave,SheepholeValley,Sheephole,34.20590134,-115.7178049,439
Mojave,SheepholeValley,Sheephole,34.2059547,-115.7176028,440
Mojave,SheepholeValley,Sheephole,34.20588693,-115.7177836,441
Mojave,SheepholeValley,Sheephole,34.2059449,-115.717523,442
Mojave,SheepholeValley,Sheephole,34.20592156,-115.7175922,443
Mojave,SheepholeValley,Sheephole,34.20591028,-115.7176255,444
Mojave,SheepholeValley,Sheephole,34.20588593,-115.7177001,445
Mojave,SheepholeValley,Sheephole,34.20585949,-115.7178137,446
Mojave,SheepholeValley,Sheephole,34.2058345,-115.7177679,447
Mojave,SheepholeValley,Sheephole,34.20581252,-115.7178006,448
Mojave,SheepholeValley,Sheephole,34.20586312,-115.7176997,449
Mojave,SheepholeValley,Sheephole,34.20587609,-115.7176137,450
Mojave,SheepholeValley,Sheephole,34.20582747,-115.7175097,451
Mojave,SheepholeValley,Sheephole,34.20580418,-115.717534,452
Mojave,SheepholeValley,Sheephole,34.20579387,-115.7177096,453
Mojave,SheepholeValley,Sheephole,34.20581825,-115.7178227,454
Mojave,SheepholeValley,Sheephole,34.2057711,-115.7176484,455
Mojave,SheepholeValley,Sheephole,34.20575791,-115.7175447,456
Mojave,SheepholeValley,Sheephole,34.2057685,-115.7177714,457
Mojave,SheepholeValley,Sheephole,34.20574689,-115.7178003,458
Mojave,SheepholeValley,Sheephole,34.20570485,-115.717676,459
Mojave,SheepholeValley,Sheephole,34.20573411,-115.717556,460
Mojave,SheepholeValley,Sheephole,34.20580131,-115.7174666,461
Mojave,SheepholeValley,Sheephole,34.20575634,-115.7174802,462
Mojave,SheepholeValley,Sheephole,34.20568608,-115.7174818,463
Mojave,SheepholeValley,Sheephole,34.20566129,-115.7175512,464
Mojave,SheepholeValley,Sheephole,34.20567956,-115.7177246,465
Mojave,SheepholeValley,Sheephole,34.20564648,-115.7177204,466
Mojave,SheepholeValley,Sheephole,34.20567806,-115.7176675,467
Mojave,SheepholeValley,Sheephole,34.20564166,-115.7176559,468
Mojave,SheepholeValley,Sheephole,34.20563172,-115.7176165,469
Mojave,SheepholeValley,Sheephole,34.20606222,-115.7181329,470
Mojave,SheepholeValley,Sheephole,34.20602362,-115.7181018,471
Mojave,SheepholeValley,Sheephole,34.20602431,-115.7181664,472
Mojave,SheepholeValley,Sheephole,34.2060015,-115.7181818,473
Mojave,SheepholeValley,Sheephole,34.20598215,-115.7180686,474
Mojave,SheepholeValley,Sheephole,34.20597959,-115.7182185,475
Mojave,SheepholeValley,Sheephole,34.20594503,-115.7181385,476
Mojave,SheepholeValley,Sheephole,34.20595328,-115.7182818,477
Mojave,SheepholeValley,Sheephole,34.205942,-115.7182253,478
Mojave,SheepholeValley,Sheephole,34.20593344,-115.7182093,479
Mojave,SheepholeValley,Sheephole,34.20593309,-115.7180766,480
Mojave,SheepholeValley,Sheephole,34.20591959,-115.7178925,481
Mojave,SheepholeValley,Sheephole,34.20590331,-115.7181377,482
Mojave,SheepholeValley,Sheephole,34.20590591,-115.7181953,483
Mojave,SheepholeValley,Sheephole,34.20577638,-115.7182653,484
Mojave,SheepholeValley,Sheephole,34.20584781,-115.7181379,485
Mojave,SheepholeValley,Sheephole,34.20588042,-115.7180794,486
Mojave,SheepholeValley,Sheephole,34.20588418,-115.7182214,487
Mojave,SheepholeValley,Sheephole,34.20584416,-115.7182107,488
Mojave,SheepholeValley,Sheephole,34.20578016,-115.7181638,489
Mojave,SheepholeValley,Sheephole,34.20587509,-115.7179479,490
Mojave,SheepholeValley,Sheephole,34.20579177,-115.7179221,491
Mojave,SheepholeValley,Sheephole,34.2058235,-115.7179935,492
Mojave,SheepholeValley,Sheephole,34.20571151,-115.7182804,493
Mojave,SheepholeValley,Sheephole,34.20568385,-115.7182874,494
Mojave,SheepholeValley,Sheephole,34.20576916,-115.7181344,495
Mojave,SheepholeValley,Sheephole,34.20564798,-115.718294,496
Mojave,SheepholeValley,Sheephole,34.20568491,-115.7182285,497
Mojave,SheepholeValley,Sheephole,34.20566518,-115.7181872,498
Mojave,SheepholeValley,Sheephole,34.20577109,-115.7180267,499
Mojave,SheepholeValley,Sheephole,34.2056634,-115.7180464,500
Mojave,SheepholeValley,Sheephole,34.20572944,-115.7178453,501
Mojave,SheepholeValley,Sheephole,34.20566216,-115.718096,502
Mojave,SheepholeValley,Sheephole,34.20567344,-115.7179774,503
Mojave,SheepholeValley,Sheephole,34.20567896,-115.7179353,504
Mojave,SheepholeValley,Sheephole,34.20569813,-115.7178917,505
Mojave,SheepholeValley,Sheephole,34.20563744,-115.7180479,506
Mojave,SheepholeValley,Sheephole,34.20565074,-115.7178309,507
Mojave,SheepholeValley,Sheephole,34.20561685,-115.7183369,508
Mojave,SheepholeValley,Sheephole,34.20555835,-115.7183302,509
Mojave,SheepholeValley,Sheephole,34.20559666,-115.7182345,510
Mojave,SheepholeValley,Sheephole,34.20552072,-115.7182511,511
Mojave,SheepholeValley,Sheephole,34.20545881,-115.7183562,512
Mojave,SheepholeValley,Sheephole,34.20546075,-115.7182855,513
Mojave,SheepholeValley,Sheephole,34.20561379,-115.7179581,514
Mojave,SheepholeValley,Sheephole,34.20560943,-115.7174636,515
Mojave,SheepholeValley,Sheephole,34.2055664,-115.7174388,516
Mojave,SheepholeValley,Sheephole,34.20562224,-115.7178371,517
Mojave,SheepholeValley,Sheephole,34.20556293,-115.7179699,518
Mojave,SheepholeValley,Sheephole,34.20556871,-115.7181051,519
Mojave,SheepholeValley,Sheephole,34.20550706,-115.7180634,520
Mojave,SheepholeValley,Sheephole,34.20544623,-115.7181497,521
Mojave,SheepholeValley,Sheephole,34.20531581,-115.7182864,522
Mojave,SheepholeValley,Sheephole,34.20548682,-115.7179935,523
Mojave,SheepholeValley,Sheephole,34.20557159,-115.7178837,524
Mojave,SheepholeValley,Sheephole,34.20557995,-115.7177708,525
Mojave,SheepholeValley,Sheephole,34.20543466,-115.7180218,526
Mojave,SheepholeValley,Sheephole,34.20531297,-115.7180675,527
Mojave,SheepholeValley,Sheephole,34.2051958,-115.718304,528
Mojave,SheepholeValley,Sheephole,34.20525811,-115.7182128,529
Mojave,SheepholeValley,Sheephole,34.20523952,-115.7181482,530
Mojave,SheepholeValley,Sheephole,34.20516057,-115.7182142,531
Mojave,SheepholeValley,Sheephole,34.20519266,-115.7180787,532
Mojave,SheepholeValley,Sheephole,34.20557134,-115.7175755,533
Mojave,SheepholeValley,Sheephole,34.20557787,-115.7176862,534
Mojave,SheepholeValley,Sheephole,34.20551869,-115.7178441,535
Mojave,SheepholeValley,Sheephole,34.20553396,-115.7177253,536
Mojave,SheepholeValley,Sheephole,34.20551869,-115.7178441,537
Mojave,SheepholeValley,Sheephole,34.20544915,-115.7178616,538
Mojave,SheepholeValley,Sheephole,34.20545205,-115.7177295,539
Mojave,SheepholeValley,Sheephole,34.20548389,-115.7176378,540
Mojave,SheepholeValley,Sheephole,34.2054598,-115.7174525,541
Mojave,SheepholeValley,Sheephole,34.20546076,-115.7175057,542
Mojave,SheepholeValley,Sheephole,34.20545206,-115.717552,543
Mojave,SheepholeValley,Sheephole,34.2054424,-115.7176116,544
Mojave,SheepholeValley,Sheephole,34.20540749,-115.7178406,545
Mojave,SheepholeValley,Sheephole,34.20541039,-115.7177457,546
Mojave,SheepholeValley,Sheephole,34.2053891,-115.7179799,547
Mojave,SheepholeValley,Sheephole,34.20532378,-115.7180109,548
Mojave,SheepholeValley,Sheephole,34.20541234,-115.7176357,549
Mojave,SheepholeValley,Sheephole,34.2053873,-115.7175203,550
Mojave,SheepholeValley,Sheephole,34.2053951,-115.7174506,551
Mojave,SheepholeValley,Sheephole,34.20532587,-115.7176869,552
Mojave,SheepholeValley,Sheephole,34.20534826,-115.7179051,553
Mojave,SheepholeValley,Sheephole,34.20532781,-115.7178148,554
Mojave,SheepholeValley,Sheephole,34.20528952,-115.7177641,555
Mojave,SheepholeValley,Sheephole,34.20524562,-115.7178571,556
Mojave,SheepholeValley,Sheephole,34.20514356,-115.7180424,557
Mojave,SheepholeValley,Sheephole,34.2053456,-115.7175843,558
Mojave,SheepholeValley,Sheephole,34.20530088,-115.7175817,559
Mojave,SheepholeValley,Sheephole,34.20527057,-115.7176294,560
Mojave,SheepholeValley,Sheephole,34.20524852,-115.7177229,561
Mojave,SheepholeValley,Sheephole,34.20516373,-115.7178666,562
Mojave,SheepholeValley,Sheephole,34.20532259,-115.7175183,563
Mojave,SheepholeValley,Sheephole,34.20523987,-115.7176128,564
Mojave,SheepholeValley,Sheephole,34.20523789,-115.7176912,565
Mojave,SheepholeValley,Sheephole,34.20529513,-115.7174522,566
Mojave,SheepholeValley,Sheephole,34.20522979,-115.7175106,567
Mojave,SheepholeValley,Sheephole,34.20520081,-115.7175248,568
Mojave,SheepholeValley,Sheephole,34.20517252,-115.7176203,569
Mojave,SheepholeValley,Sheephole,34.20516435,-115.7176678,570
Mojave,SheepholeValley,Sheephole,34.20604931,-115.7184069,571
Mojave,SheepholeValley,Sheephole,34.20602753,-115.7186471,572
Mojave,SheepholeValley,Sheephole,34.20603446,-115.7185595,573
Mojave,SheepholeValley,Sheephole,34.20597798,-115.7183781,574
Mojave,SheepholeValley,Sheephole,34.20599346,-115.7184769,575
Mojave,SheepholeValley,Sheephole,34.20603428,-115.7187669,576
Mojave,SheepholeValley,Sheephole,34.20600846,-115.7188676,577
Mojave,SheepholeValley,Sheephole,34.20604054,-115.7189727,578
Mojave,SheepholeValley,Sheephole,34.20601132,-115.7189523,579
Mojave,SheepholeValley,Sheephole,34.20588553,-115.7183048,580
Mojave,SheepholeValley,Sheephole,34.20585838,-115.7182958,581
Mojave,SheepholeValley,Sheephole,34.20597146,-115.7184707,582
Mojave,SheepholeValley,Sheephole,34.20599376,-115.7187047,583
Mojave,SheepholeValley,Sheephole,34.20595151,-115.7188076,584
Mojave,SheepholeValley,Sheephole,34.20592548,-115.7190026,585
Mojave,SheepholeValley,Sheephole,34.2059341,-115.7187377,586
Mojave,SheepholeValley,Sheephole,34.20592456,-115.7188722,587
Mojave,SheepholeValley,Sheephole,34.20593124,-115.7185404,588
Mojave,SheepholeValley,Sheephole,34.20592893,-115.7184764,589
Mojave,SheepholeValley,Sheephole,34.2059341,-115.7187377,590
Mojave,SheepholeValley,Sheephole,34.20588967,-115.7188163,591
Mojave,SheepholeValley,Sheephole,34.20588447,-115.7184463,592
Mojave,SheepholeValley,Sheephole,34.20587052,-115.7187161,593
Mojave,SheepholeValley,Sheephole,34.20588104,-115.7189278,594
Mojave,SheepholeValley,Sheephole,34.20587876,-115.7190082,595
Mojave,SheepholeValley,Sheephole,34.20582999,-115.7191075,596
Mojave,SheepholeValley,Sheephole,34.20584069,-115.7187971,597
Mojave,SheepholeValley,Sheephole,34.20581596,-115.7190208,598
Mojave,SheepholeValley,Sheephole,34.20589512,-115.7185743,599
Mojave,SheepholeValley,Sheephole,34.20584896,-115.7184742,600
Mojave,SheepholeValley,Sheephole,34.20585144,-115.7185442,601
Mojave,SheepholeValley,Sheephole,34.20580764,-115.7188393,602
Mojave,SheepholeValley,Sheephole,34.20577036,-115.7190794,603
Mojave,SheepholeValley,Sheephole,34.20574959,-115.7190948,604
Mojave,SheepholeValley,Sheephole,34.20576203,-115.7190066,605
Mojave,SheepholeValley,Sheephole,34.20576387,-115.7188625,606
Mojave,SheepholeValley,Sheephole,34.20584159,-115.7186499,607
Mojave,SheepholeValley,Sheephole,34.20586603,-115.7183549,608
Mojave,SheepholeValley,Sheephole,34.20582042,-115.7183186,609
Mojave,SheepholeValley,Sheephole,34.20583665,-115.7183437,610
Mojave,SheepholeValley,Sheephole,34.20580575,-115.7183006,611
Mojave,SheepholeValley,Sheephole,34.2057872,-115.7183208,612
Mojave,SheepholeValley,Sheephole,34.2057632,-115.7183532,613
Mojave,SheepholeValley,Sheephole,34.20578488,-115.7183832,614
Mojave,SheepholeValley,Sheephole,34.20579034,-115.7186253,615
Mojave,SheepholeValley,Sheephole,34.20572319,-115.7190519,616
Mojave,SheepholeValley,Sheephole,34.20569881,-115.7190071,617
Mojave,SheepholeValley,Sheephole,34.20568543,-115.7190575,618
Mojave,SheepholeValley,Sheephole,34.20577322,-115.718709,619
Mojave,SheepholeValley,Sheephole,34.20574823,-115.7189354,620
Mojave,SheepholeValley,Sheephole,34.20579422,-115.7185239,621
Mojave,SheepholeValley,Sheephole,34.20569566,-115.7188888,622
Mojave,SheepholeValley,Sheephole,34.20565861,-115.7189185,623
Mojave,SheepholeValley,Sheephole,34.20562616,-115.7189768,624
Mojave,SheepholeValley,Sheephole,34.20562695,-115.7190605,625
Mojave,SheepholeValley,Sheephole,34.20560016,-115.7191347,626
Mojave,SheepholeValley,Sheephole,34.20560245,-115.7189437,627
Mojave,SheepholeValley,Sheephole,34.20572876,-115.7187467,628
Mojave,SheepholeValley,Sheephole,34.20575922,-115.7185331,629
Mojave,SheepholeValley,Sheephole,34.20574203,-115.7186703,630
Mojave,SheepholeValley,Sheephole,34.20573033,-115.7186213,631
Mojave,SheepholeValley,Sheephole,34.20558146,-115.7188181,632
Mojave,SheepholeValley,Sheephole,34.20556893,-115.7190453,633
Mojave,SheepholeValley,Sheephole,34.20557929,-115.7191041,634
Mojave,SheepholeValley,Sheephole,34.20551476,-115.7190431,635
Mojave,SheepholeValley,Sheephole,34.20564596,-115.7188845,636
Mojave,SheepholeValley,Sheephole,34.20564229,-115.7187629,637
Mojave,SheepholeValley,Sheephole,34.20568894,-115.718592,638
Mojave,SheepholeValley,Sheephole,34.20567479,-115.7186372,639
Mojave,SheepholeValley,Sheephole,34.20565037,-115.7186767,640
Mojave,SheepholeValley,Sheephole,34.20575925,-115.7184544,641
Mojave,SheepholeValley,Sheephole,34.20565482,-115.7185131,642
Mojave,SheepholeValley,Sheephole,34.20563636,-115.7184438,643
Mojave,SheepholeValley,Sheephole,34.2055734,-115.7184664,644
Mojave,SheepholeValley,Sheephole,34.20570212,-115.7183527,645
Mojave,SheepholeValley,Sheephole,34.2055407,-115.7189607,646
Mojave,SheepholeValley,Sheephole,34.2054705,-115.7190375,647
Mojave,SheepholeValley,Sheephole,34.20543774,-115.7188999,648
Mojave,SheepholeValley,Sheephole,34.20554499,-115.7185246,649
Mojave,SheepholeValley,Sheephole,34.20554686,-115.7186078,650
Mojave,SheepholeValley,Sheephole,34.2055742,-115.718739,651
Mojave,SheepholeValley,Sheephole,34.20551183,-115.7186982,652
Mojave,SheepholeValley,Sheephole,34.2055003,-115.7185047,653
Mojave,SheepholeValley,Sheephole,34.20548529,-115.7184203,654
Mojave,SheepholeValley,Sheephole,34.20548371,-115.7187786,655
Mojave,SheepholeValley,Sheephole,34.20542076,-115.7183899,656
Mojave,SheepholeValley,Sheephole,34.20537041,-115.7184491,657
Mojave,SheepholeValley,Sheephole,34.20537834,-115.7185853,658
Mojave,SheepholeValley,Sheephole,34.20538102,-115.718623,659
Mojave,SheepholeValley,Sheephole,34.20529916,-115.7184613,660
Mojave,SheepholeValley,Sheephole,34.20542692,-115.7190673,661
Mojave,SheepholeValley,Sheephole,34.2053828,-115.7191153,662
Mojave,SheepholeValley,Sheephole,34.20534374,-115.7190322,663
Mojave,SheepholeValley,Sheephole,34.20532797,-115.7188927,664
Mojave,SheepholeValley,Sheephole,34.20530965,-115.7187836,665
Mojave,SheepholeValley,Sheephole,34.20524978,-115.7185176,666
Mojave,SheepholeValley,Sheephole,34.20529927,-115.7188911,667
Mojave,SheepholeValley,Sheephole,34.2053281,-115.7191718,668
Mojave,SheepholeValley,Sheephole,34.20541749,-115.7187833,669
Mojave,SheepholeValley,Sheephole,34.20526535,-115.7188122,670
Mojave,SheepholeValley,Sheephole,34.20526531,-115.7191435,671
Mojave,SheepholeValley,Sheephole,34.20524045,-115.7190738,672
Mojave,SheepholeValley,Sheephole,34.20525882,-115.7187002,673
Mojave,SheepholeValley,Sheephole,34.20523796,-115.7186513,674
Mojave,SheepholeValley,Sheephole,34.20525555,-115.7189066,675
Mojave,SheepholeValley,Sheephole,34.20520135,-115.7185099,676
Mojave,SheepholeValley,Sheephole,34.20520829,-115.7188798,677
Mojave,SheepholeValley,Sheephole,34.2051683,-115.7189859,678
Mojave,SheepholeValley,Sheephole,34.20519665,-115.718747,679
Mojave,SheepholeValley,Sheephole,34.20512207,-115.7190522,680
Mojave,SheepholeValley,Sheephole,34.2051112,-115.7190252,681
Mojave,SheepholeValley,Sheephole,34.20511774,-115.7189574,682
Mojave,SheepholeValley,Sheephole,34.20515632,-115.7185642,683
Mojave,SheepholeValley,Sheephole,34.20512469,-115.7188031,684
Mojave,SheepholeValley,Sheephole,34.20587362,-115.7200825,685
Mojave,SheepholeValley,Sheephole,34.20595058,-115.7198163,686
Mojave,SheepholeValley,Sheephole,34.20595771,-115.7198684,687
Mojave,SheepholeValley,Sheephole,34.2059739,-115.7192083,688
Mojave,SheepholeValley,Sheephole,34.20604428,-115.7194045,689
Mojave,SheepholeValley,Sheephole,34.20595715,-115.7197404,690
Mojave,SheepholeValley,Sheephole,34.20590606,-115.7199917,691
Mojave,SheepholeValley,Sheephole,34.20588519,-115.7198944,692
Mojave,SheepholeValley,Sheephole,34.20583912,-115.7199511,693
Mojave,SheepholeValley,Sheephole,34.20585017,-115.7198595,694
Mojave,SheepholeValley,Sheephole,34.20591619,-115.7197188,695
Mojave,SheepholeValley,Sheephole,34.20595275,-115.719624,696
Mojave,SheepholeValley,Sheephole,34.20599113,-115.719584,697
Mojave,SheepholeValley,Sheephole,34.20594757,-115.7195745,698
Mojave,SheepholeValley,Sheephole,34.20597844,-115.7193264,699
Mojave,SheepholeValley,Sheephole,34.20598133,-115.7193959,700
Mojave,SheepholeValley,Sheephole,34.20592752,-115.7195263,701
Mojave,SheepholeValley,Sheephole,34.20590243,-115.7193571,702
Mojave,SheepholeValley,Sheephole,34.20590392,-115.7195758,703
Mojave,SheepholeValley,Sheephole,34.20591052,-115.7194506,704
Mojave,SheepholeValley,Sheephole,34.20589358,-115.719214,705
Mojave,SheepholeValley,Sheephole,34.2058479,-115.7192175,706
Mojave,SheepholeValley,Sheephole,34.20579221,-115.7192278,707
Mojave,SheepholeValley,Sheephole,34.20581911,-115.7197419,708
Mojave,SheepholeValley,Sheephole,34.20583612,-115.7196316,709
Mojave,SheepholeValley,Sheephole,34.20587187,-115.7194541,710
Mojave,SheepholeValley,Sheephole,34.20585002,-115.7194901,711
Mojave,SheepholeValley,Sheephole,34.20576894,-115.7198698,712
Mojave,SheepholeValley,Sheephole,34.20582208,-115.7193949,713
Mojave,SheepholeValley,Sheephole,34.20582008,-115.719318,714
Mojave,SheepholeValley,Sheephole,34.20578417,-115.7193357,715
Mojave,SheepholeValley,Sheephole,34.20578711,-115.7195493,716
Mojave,SheepholeValley,Sheephole,34.20578508,-115.7196038,717
Mojave,SheepholeValley,Sheephole,34.20577904,-115.7196572,718
Mojave,SheepholeValley,Sheephole,34.20571228,-115.7191847,719
Mojave,SheepholeValley,Sheephole,34.20575708,-115.7194042,720
Mojave,SheepholeValley,Sheephole,34.20573584,-115.7198272,721
Mojave,SheepholeValley,Sheephole,34.205753,-115.7196014,722
Mojave,SheepholeValley,Sheephole,34.20564902,-115.7192856,723
Mojave,SheepholeValley,Sheephole,34.20572911,-115.7195396,724
Mojave,SheepholeValley,Sheephole,34.2056849,-115.7195433,725
Mojave,SheepholeValley,Sheephole,34.20565957,-115.7195142,726
Mojave,SheepholeValley,Sheephole,34.20571375,-115.7197096,727
Mojave,SheepholeValley,Sheephole,34.20564346,-115.7195798,728
Mojave,SheepholeValley,Sheephole,34.20562273,-115.7196969,729
Mojave,SheepholeValley,Sheephole,34.20559044,-115.7195958,730
Mojave,SheepholeValley,Sheephole,34.20558534,-115.7192291,731
Mojave,SheepholeValley,Sheephole,34.20558657,-115.7193608,732
Mojave,SheepholeValley,Sheephole,34.20553467,-115.7193361,733
Mojave,SheepholeValley,Sheephole,34.2056985,-115.7198873,734
Mojave,SheepholeValley,Sheephole,34.2056591,-115.7198854,735
Mojave,SheepholeValley,Sheephole,34.20563081,-115.7198673,736
Mojave,SheepholeValley,Sheephole,34.20560936,-115.7198239,737
Mojave,SheepholeValley,Sheephole,34.20553354,-115.7194373,738
Mojave,SheepholeValley,Sheephole,34.20551973,-115.7195423,739
Mojave,SheepholeValley,Sheephole,34.20584234,-115.7200781,740
Mojave,SheepholeValley,Sheephole,34.20580232,-115.7200758,741
Mojave,SheepholeValley,Sheephole,34.20576528,-115.7200547,742
Mojave,SheepholeValley,Sheephole,34.20568873,-115.7200422,743
Mojave,SheepholeValley,Sheephole,34.20563307,-115.7200427,744
Mojave,SheepholeValley,Sheephole,34.20566449,-115.719979,745
Mojave,SheepholeValley,Sheephole,34.20558334,-115.7199502,746
Mojave,SheepholeValley,Sheephole,34.20555278,-115.7200458,747
Mojave,SheepholeValley,Sheephole,34.20553154,-115.7199418,748
Mojave,SheepholeValley,Sheephole,34.20551613,-115.7200755,749
Mojave,SheepholeValley,Sheephole,34.20548033,-115.720077,750
Mojave,SheepholeValley,Sheephole,34.2054463,-115.7200788,751
Mojave,SheepholeValley,Sheephole,34.20550326,-115.7197925,752
Mojave,SheepholeValley,Sheephole,34.20549404,-115.7198892,753
Mojave,SheepholeValley,Sheephole,34.20547772,-115.7199493,754
Mojave,SheepholeValley,Sheephole,34.20548407,-115.7196445,755
Mojave,SheepholeValley,Sheephole,34.20549112,-115.719702,756
Mojave,SheepholeValley,Sheephole,34.20546868,-115.7197448,757
Mojave,SheepholeValley,Sheephole,34.20557119,-115.719839,758
Mojave,SheepholeValley,Sheephole,34.20562962,-115.7194922,759
Mojave,SheepholeValley,Sheephole,34.20547353,-115.7192348,760
Mojave,SheepholeValley,Sheephole,34.20545227,-115.7195861,761
Mojave,SheepholeValley,Sheephole,34.20544242,-115.7195406,762
Mojave,SheepholeValley,Sheephole,34.20541558,-115.7195828,763
Mojave,SheepholeValley,Sheephole,34.20542541,-115.7194984,764
Mojave,SheepholeValley,Sheephole,34.20541825,-115.7194617,765
Mojave,SheepholeValley,Sheephole,34.20542361,-115.7193654,766
Mojave,SheepholeValley,Sheephole,34.20543966,-115.719293,767
Mojave,SheepholeValley,Sheephole,34.20536559,-115.7192927,768
Mojave,SheepholeValley,Sheephole,34.20543289,-115.7198805,769
Mojave,SheepholeValley,Sheephole,34.20541491,-115.7196797,770
Mojave,SheepholeValley,Sheephole,34.20537472,-115.7196447,771
Mojave,SheepholeValley,Sheephole,34.20533962,-115.7193815,772
Mojave,SheepholeValley,Sheephole,34.20529285,-115.7193206,773
Mojave,SheepholeValley,Sheephole,34.20535217,-115.7195009,774
Mojave,SheepholeValley,Sheephole,34.20530995,-115.7196992,775
Mojave,SheepholeValley,Sheephole,34.20535221,-115.7197946,776
Mojave,SheepholeValley,Sheephole,34.20529732,-115.7198324,777
Mojave,SheepholeValley,Sheephole,34.20524309,-115.7197406,778
Mojave,SheepholeValley,Sheephole,34.20530816,-115.7195718,779
Mojave,SheepholeValley,Sheephole,34.20530097,-115.7195185,780
Mojave,SheepholeValley,Sheephole,34.20523067,-115.7196145,781
Mojave,SheepholeValley,Sheephole,34.20526405,-115.7194435,782
Mojave,SheepholeValley,Sheephole,34.20518382,-115.7194799,783
Mojave,SheepholeValley,Sheephole,34.20523756,-115.719906,784
Mojave,SheepholeValley,Sheephole,34.20520299,-115.7198358,785
Mojave,SheepholeValley,Sheephole,34.20523157,-115.7192028,786
Mojave,SheepholeValley,Sheephole,34.20523443,-115.7191521,787
Mojave,SheepholeValley,Sheephole,34.20518845,-115.719191,788
Mojave,SheepholeValley,Sheephole,34.20516095,-115.7195525,789
Mojave,SheepholeValley,Sheephole,34.20508186,-115.7198882,790
Mojave,SheepholeValley,Sheephole,34.20514098,-115.719794,791
Mojave,SheepholeValley,Sheephole,34.20517061,-115.7196985,792
Mojave,SheepholeValley,Sheephole,34.20514672,-115.7197232,793
Mojave,SheepholeValley,Sheephole,34.20510331,-115.7196617,794
Mojave,SheepholeValley,Sheephole,34.2050947,-115.7197314,795
Mojave,SheepholeValley,Sheephole,34.20503145,-115.7197607,796
Mojave,SheepholeValley,Sheephole,34.20520249,-115.7192646,797
Mojave,SheepholeValley,Sheephole,34.20511882,-115.7193922,798
Mojave,SheepholeValley,Sheephole,34.20506901,-115.7195245,799
Mojave,SheepholeValley,Sheephole,34.20513307,-115.7192069,800
Mojave,SheepholeValley,Sheephole,34.20509525,-115.7192258,801
Mojave,SheepholeValley,Sheephole,34.20508297,-115.719107,802
Mojave,SheepholeValley,Sheephole,34.20537088,-115.720062,803
Mojave,SheepholeValley,Sheephole,34.20539434,-115.7198992,804
Mojave,SheepholeValley,Sheephole,34.20540148,-115.7199622,805
Mojave,SheepholeValley,Sheephole,34.20530524,-115.7200767,806
Mojave,SheepholeValley,Sheephole,34.20528261,-115.72001,807
Mojave,SheepholeValley,Sheephole,34.20528055,-115.7200758,808
Mojave,SheepholeValley,Sheephole,34.20521841,-115.7199807,809
Mojave,SheepholeValley,Sheephole,34.20522285,-115.7200665,810
Mojave,SheepholeValley,Sheephole,34.205168,-115.7200622,811
Mojave,SheepholeValley,Sheephole,34.2051154,-115.7200312,812
Mojave,SheepholeValley,Sheephole,34.20510556,-115.7200793,813
Mojave,SheepholeValley,Sheephole,34.20507965,-115.7200807,814
Mojave,SheepholeValley,Sheephole,34.20507953,-115.7200559,815
Mojave,SheepholeValley,Sheephole,34.20508294,-115.7199707,816
Mojave,SheepholeValley,Sheephole,34.20504333,-115.7200759,817
Mojave,SheepholeValley,Sheephole,34.20503406,-115.7200359,818
Mojave,SheepholeValley,Sheephole,34.2051941,-115.7174507,819
Mojave,SheepholeValley,Sheephole,34.2051142,-115.7181812,820
Mojave,SheepholeValley,Sheephole,34.20513072,-115.7176844,821
Mojave,SheepholeValley,Sheephole,34.20508977,-115.7182044,822
Mojave,SheepholeValley,Sheephole,34.20505985,-115.7182729,823
Mojave,SheepholeValley,Sheephole,34.20501644,-115.7182,824
Mojave,SheepholeValley,Sheephole,34.20498305,-115.7182446,825
Mojave,SheepholeValley,Sheephole,34.20505007,-115.7180991,826
Mojave,SheepholeValley,Sheephole,34.20506833,-115.717964,827
Mojave,SheepholeValley,Sheephole,34.20506231,-115.7179155,828
Mojave,SheepholeValley,Sheephole,34.20506854,-115.7177985,829
Mojave,SheepholeValley,Sheephole,34.20509951,-115.7174279,830
Mojave,SheepholeValley,Sheephole,34.2051707,-115.7175105,831
Mojave,SheepholeValley,Sheephole,34.2050969,-115.7176286,832
Mojave,SheepholeValley,Sheephole,34.20512772,-115.7175299,833
Mojave,SheepholeValley,Sheephole,34.20509615,-115.7175188,834
Mojave,SheepholeValley,Sheephole,34.2051115,-115.7175774,835
Mojave,SheepholeValley,Sheephole,34.2050647,-115.7175539,836
Mojave,SheepholeValley,Sheephole,34.20506358,-115.7177118,837
Mojave,SheepholeValley,Sheephole,34.20497369,-115.7180929,838
Mojave,SheepholeValley,Sheephole,34.204993,-115.7179825,839
Mojave,SheepholeValley,Sheephole,34.20500083,-115.717803,840
Mojave,SheepholeValley,Sheephole,34.2049612,-115.7179883,841
Mojave,SheepholeValley,Sheephole,34.20494409,-115.7179385,842
Mojave,SheepholeValley,Sheephole,34.2049301,-115.7182085,843
Mojave,SheepholeValley,Sheephole,34.20502585,-115.717692,844
Mojave,SheepholeValley,Sheephole,34.20500115,-115.7175779,845
Mojave,SheepholeValley,Sheephole,34.20505718,-115.7174547,846
Mojave,SheepholeValley,Sheephole,34.20499656,-115.7174888,847
Mojave,SheepholeValley,Sheephole,34.20496186,-115.7174849,848
Mojave,SheepholeValley,Sheephole,34.20493008,-115.7180459,849
Mojave,SheepholeValley,Sheephole,34.20490666,-115.7182801,850
Mojave,SheepholeValley,Sheephole,34.20487147,-115.7181866,851
Mojave,SheepholeValley,Sheephole,34.20494171,-115.7174647,852
Mojave,SheepholeValley,Sheephole,34.20498993,-115.7177475,853
Mojave,SheepholeValley,Sheephole,34.2049067,-115.7179971,854
Mojave,SheepholeValley,Sheephole,34.20494406,-115.7175594,855
Mojave,SheepholeValley,Sheephole,34.20495956,-115.7176885,856
Mojave,SheepholeValley,Sheephole,34.20493709,-115.7177115,857
Mojave,SheepholeValley,Sheephole,34.20488329,-115.7180169,858
Mojave,SheepholeValley,Sheephole,34.20488718,-115.7179198,859
Mojave,SheepholeValley,Sheephole,34.20489023,-115.7178452,860
Mojave,SheepholeValley,Sheephole,34.20492929,-115.7174951,861
Mojave,SheepholeValley,Sheephole,34.20489115,-115.717416,862
Mojave,SheepholeValley,Sheephole,34.20494325,-115.7176397,863
Mojave,SheepholeValley,Sheephole,34.20487939,-115.7174642,864
Mojave,SheepholeValley,Sheephole,34.20490357,-115.7175152,865
Mojave,SheepholeValley,Sheephole,34.2048607,-115.7176284,866
Mojave,SheepholeValley,Sheephole,34.20484483,-115.7175339,867
Mojave,SheepholeValley,Sheephole,34.2048652,-115.7177601,868
Mojave,SheepholeValley,Sheephole,34.20485754,-115.7180594,869
Mojave,SheepholeValley,Sheephole,34.20485574,-115.7178036,870
Mojave,SheepholeValley,Sheephole,34.2048114,-115.7181049,871
Mojave,SheepholeValley,Sheephole,34.20479224,-115.718191,872
Mojave,SheepholeValley,Sheephole,34.2048174,-115.7179087,873
Mojave,SheepholeValley,Sheephole,34.20481377,-115.7180029,874
Mojave,SheepholeValley,Sheephole,34.20479979,-115.7182545,875
Mojave,SheepholeValley,Sheephole,34.20475504,-115.7180532,876
Mojave,SheepholeValley,Sheephole,34.20480347,-115.7176637,877
Mojave,SheepholeValley,Sheephole,34.20474329,-115.7182193,878
Mojave,SheepholeValley,Sheephole,34.20472796,-115.7182743,879
Mojave,SheepholeValley,Sheephole,34.20470776,-115.718232,880
Mojave,SheepholeValley,Sheephole,34.2047267,-115.7180997,881
Mojave,SheepholeValley,Sheephole,34.20480153,-115.7175285,882
Mojave,SheepholeValley,Sheephole,34.20472657,-115.718045,883
Mojave,SheepholeValley,Sheephole,34.20476039,-115.7177606,884
Mojave,SheepholeValley,Sheephole,34.20473963,-115.7178176,885
Mojave,SheepholeValley,Sheephole,34.20473901,-115.7178547,886
Mojave,SheepholeValley,Sheephole,34.20472402,-115.7178947,887
Mojave,SheepholeValley,Sheephole,34.20483416,-115.7174067,888
Mojave,SheepholeValley,Sheephole,34.20478658,-115.7174263,889
Mojave,SheepholeValley,Sheephole,34.20474983,-115.7174478,890
Mojave,SheepholeValley,Sheephole,34.20475228,-115.7175056,891
Mojave,SheepholeValley,Sheephole,34.20471536,-115.7175959,892
Mojave,SheepholeValley,Sheephole,34.20467451,-115.7174963,893
Mojave,SheepholeValley,Sheephole,34.2046288,-115.7175407,894
Mojave,SheepholeValley,Sheephole,34.20457159,-115.7175434,895
Mojave,SheepholeValley,Sheephole,34.20469161,-115.717759,896
Mojave,SheepholeValley,Sheephole,34.20470114,-115.7178637,897
Mojave,SheepholeValley,Sheephole,34.20458487,-115.7175807,898
Mojave,SheepholeValley,Sheephole,34.20451914,-115.7175979,899
Mojave,SheepholeValley,Sheephole,34.20452899,-115.7175615,900
Mojave,SheepholeValley,Sheephole,34.20452443,-115.7178136,901
Mojave,SheepholeValley,Sheephole,34.20463526,-115.7178378,902
Mojave,SheepholeValley,Sheephole,34.20462078,-115.717799,903
Mojave,SheepholeValley,Sheephole,34.20452166,-115.7179133,904
Mojave,SheepholeValley,Sheephole,34.20468693,-115.7179273,905
Mojave,SheepholeValley,Sheephole,34.20459928,-115.7178327,906
Mojave,SheepholeValley,Sheephole,34.20450181,-115.7177713,907
Mojave,SheepholeValley,Sheephole,34.20460639,-115.7180123,908
Mojave,SheepholeValley,Sheephole,34.20452605,-115.7180022,909
Mojave,SheepholeValley,Sheephole,34.20459902,-115.7180895,910
Mojave,SheepholeValley,Sheephole,34.20486135,-115.7183034,911
Mojave,SheepholeValley,Sheephole,34.20481665,-115.7183104,912
Mojave,SheepholeValley,Sheephole,34.20477346,-115.7183518,913
Mojave,SheepholeValley,Sheephole,34.2047419,-115.718307,914
Mojave,SheepholeValley,Sheephole,34.20470014,-115.7183228,915
Mojave,SheepholeValley,Sheephole,34.20467799,-115.7182947,916
Mojave,SheepholeValley,Sheephole,34.20465189,-115.7184034,917
Mojave,SheepholeValley,Sheephole,34.20461851,-115.718432,918
Mojave,SheepholeValley,Sheephole,34.20462493,-115.7183344,919
Mojave,SheepholeValley,Sheephole,34.20454767,-115.7183777,920
Mojave,SheepholeValley,Sheephole,34.20459829,-115.7182612,921
Mojave,SheepholeValley,Sheephole,34.20451138,-115.7181573,922
Mojave,SheepholeValley,Sheephole,34.20445103,-115.7179379,923
Mojave,SheepholeValley,Sheephole,34.20450515,-115.7183979,924
Mojave,SheepholeValley,Sheephole,34.20445676,-115.718397,925
Mojave,SheepholeValley,Sheephole,34.20447417,-115.7183273,926
Mojave,SheepholeValley,Sheephole,34.2044465,-115.7182299,927
Mojave,SheepholeValley,Sheephole,34.2044467,-115.7180209,928
Mojave,SheepholeValley,Sheephole,34.20512226,-115.7183423,929
Mojave,SheepholeValley,Sheephole,34.20509435,-115.7186795,930
Mojave,SheepholeValley,Sheephole,34.20503748,-115.7190244,931
Mojave,SheepholeValley,Sheephole,34.20497033,-115.7190922,932
Mojave,SheepholeValley,Sheephole,34.20507602,-115.7188955,933
Mojave,SheepholeValley,Sheephole,34.2050188,-115.7188855,934
Mojave,SheepholeValley,Sheephole,34.20508875,-115.7186127,935
Mojave,SheepholeValley,Sheephole,34.20507649,-115.7185382,936
Mojave,SheepholeValley,Sheephole,34.20505735,-115.7184158,937
Mojave,SheepholeValley,Sheephole,34.20498453,-115.7183543,938
Mojave,SheepholeValley,Sheephole,34.20501409,-115.71855,939
Mojave,SheepholeValley,Sheephole,34.20499402,-115.7187374,940
Mojave,SheepholeValley,Sheephole,34.20491457,-115.7191456,941
Mojave,SheepholeValley,Sheephole,34.20500617,-115.718963,942
Mojave,SheepholeValley,Sheephole,34.20491191,-115.7190627,943
Mojave,SheepholeValley,Sheephole,34.2049406,-115.718489,944
Mojave,SheepholeValley,Sheephole,34.20497998,-115.7187936,945
Mojave,SheepholeValley,Sheephole,34.20495473,-115.7189254,946
Mojave,SheepholeValley,Sheephole,34.20493616,-115.7188509,947
Mojave,SheepholeValley,Sheephole,34.20493442,-115.718762,948
Mojave,SheepholeValley,Sheephole,34.20491073,-115.7186448,949
Mojave,SheepholeValley,Sheephole,34.20486188,-115.7185507,950
Mojave,SheepholeValley,Sheephole,34.20486863,-115.7184386,951
Mojave,SheepholeValley,Sheephole,34.20481786,-115.7185718,952
Mojave,SheepholeValley,Sheephole,34.20476404,-115.7184858,953
Mojave,SheepholeValley,Sheephole,34.20488306,-115.7189865,954
Mojave,SheepholeValley,Sheephole,34.2048797,-115.7190382,955
Mojave,SheepholeValley,Sheephole,34.20485766,-115.7190769,956
Mojave,SheepholeValley,Sheephole,34.204867,-115.7191375,957
Mojave,SheepholeValley,Sheephole,34.20486779,-115.7188438,958
Mojave,SheepholeValley,Sheephole,34.20480258,-115.7189129,959
Mojave,SheepholeValley,Sheephole,34.2048298,-115.7187753,960
Mojave,SheepholeValley,Sheephole,34.20475008,-115.7187152,961
Mojave,SheepholeValley,Sheephole,34.20475481,-115.7186279,962
Mojave,SheepholeValley,Sheephole,34.20477481,-115.7190892,963
Mojave,SheepholeValley,Sheephole,34.20479201,-115.7190287,964
Mojave,SheepholeValley,Sheephole,34.20472771,-115.7190916,965
Mojave,SheepholeValley,Sheephole,34.2047165,-115.7188407,966
Mojave,SheepholeValley,Sheephole,34.20474328,-115.718962,967
Mojave,SheepholeValley,Sheephole,34.20464562,-115.7191119,968
Mojave,SheepholeValley,Sheephole,34.20468336,-115.7185511,969
Mojave,SheepholeValley,Sheephole,34.20466667,-115.7189784,970
Mojave,SheepholeValley,Sheephole,34.20462089,-115.719039,971
Mojave,SheepholeValley,Sheephole,34.20477042,-115.7191683,972
Mojave,SheepholeValley,Sheephole,34.20468854,-115.7187049,973
Mojave,SheepholeValley,Sheephole,34.20464043,-115.7188942,974
Mojave,SheepholeValley,Sheephole,34.20463894,-115.7187636,975
Mojave,SheepholeValley,Sheephole,34.2046434,-115.7186596,976
Mojave,SheepholeValley,Sheephole,34.2046046,-115.7187132,977
Mojave,SheepholeValley,Sheephole,34.20462988,-115.7185248,978
Mojave,SheepholeValley,Sheephole,34.20453521,-115.7191965,979
Mojave,SheepholeValley,Sheephole,34.2045307,-115.7190184,980
Mojave,SheepholeValley,Sheephole,34.20451263,-115.7190829,981
Mojave,SheepholeValley,Sheephole,34.20446933,-115.7190844,982
Mojave,SheepholeValley,Sheephole,34.20449795,-115.7191275,983
Mojave,SheepholeValley,Sheephole,34.20449017,-115.7191734,984
Mojave,SheepholeValley,Sheephole,34.20454568,-115.7187974,985
Mojave,SheepholeValley,Sheephole,34.20454907,-115.7187435,986
Mojave,SheepholeValley,Sheephole,34.20446509,-115.718881,987
Mojave,SheepholeValley,Sheephole,34.20454594,-115.7185938,988
Mojave,SheepholeValley,Sheephole,34.20446076,-115.7186185,989
Mojave,SheepholeValley,Sheephole,34.20452434,-115.7187166,990
Mojave,SheepholeValley,Sheephole,34.20449439,-115.7184964,991
Mojave,SheepholeValley,Sheephole,34.20446764,-115.7185368,992
Mojave,SheepholeValley,Sheephole,34.20505231,-115.7192177,993
Mojave,SheepholeValley,Sheephole,34.20496891,-115.7194051,994
Mojave,SheepholeValley,Sheephole,34.2050002,-115.719586,995
Mojave,SheepholeValley,Sheephole,34.20501458,-115.7196598,996
Mojave,SheepholeValley,Sheephole,34.20493104,-115.719736,997
Mojave,SheepholeValley,Sheephole,34.20490761,-115.7196143,998
Mojave,SheepholeValley,Sheephole,34.20490511,-115.7197149,999
Mojave,SheepholeValley,Sheephole,34.20496738,-115.7192393,1000
Mojave,SheepholeValley,Sheephole,34.2048505,-115.7197262,1001
Mojave,SheepholeValley,Sheephole,34.20476245,-115.7195931,1002
Mojave,SheepholeValley,Sheephole,34.20476418,-115.7197001,1003
Mojave,SheepholeValley,Sheephole,34.20489179,-115.7195278,1004
Mojave,SheepholeValley,Sheephole,34.20491991,-115.7192866,1005
Mojave,SheepholeValley,Sheephole,34.20490635,-115.7194243,1006
Mojave,SheepholeValley,Sheephole,34.20484736,-115.7194711,1007
Mojave,SheepholeValley,Sheephole,34.20485889,-115.7193299,1008
Mojave,SheepholeValley,Sheephole,34.20485694,-115.7193983,1009
Mojave,SheepholeValley,Sheephole,34.20473003,-115.7196906,1010
Mojave,SheepholeValley,Sheephole,34.20504042,-115.7193157,1011
Mojave,SheepholeValley,Sheephole,34.20480834,-115.7192884,1012
Mojave,SheepholeValley,Sheephole,34.20479273,-115.7194296,1013
Mojave,SheepholeValley,Sheephole,34.20474342,-115.719425,1014
Mojave,SheepholeValley,Sheephole,34.20471799,-115.7194931,1015
Mojave,SheepholeValley,Sheephole,34.20467028,-115.7195808,1016
Mojave,SheepholeValley,Sheephole,34.20464973,-115.7195331,1017
Mojave,SheepholeValley,Sheephole,34.204852,-115.7191919,1018
Mojave,SheepholeValley,Sheephole,34.20496726,-115.719204,1019
Mojave,SheepholeValley,Sheephole,34.20473283,-115.7193558,1020
Mojave,SheepholeValley,Sheephole,34.2047146,-115.7192921,1021
Mojave,SheepholeValley,Sheephole,34.20468534,-115.719401,1022
Mojave,SheepholeValley,Sheephole,34.20467663,-115.7192956,1023
Mojave,SheepholeValley,Sheephole,34.20468674,-115.7192193,1024
Mojave,SheepholeValley,Sheephole,34.20502042,-115.7198604,1025
Mojave,SheepholeValley,Sheephole,34.20496545,-115.720066,1026
Mojave,SheepholeValley,Sheephole,34.20502507,-115.719965,1027
Mojave,SheepholeValley,Sheephole,34.20498285,-115.7199322,1028
Mojave,SheepholeValley,Sheephole,34.20491218,-115.7200403,1029
Mojave,SheepholeValley,Sheephole,34.20496685,-115.7198573,1030
Mojave,SheepholeValley,Sheephole,34.20491956,-115.7199108,1031
Mojave,SheepholeValley,Sheephole,34.20487907,-115.7200112,1032
Mojave,SheepholeValley,Sheephole,34.20487782,-115.7198027,1033
Mojave,SheepholeValley,Sheephole,34.20481066,-115.7200116,1034
Mojave,SheepholeValley,Sheephole,34.20482614,-115.7199851,1035
Mojave,SheepholeValley,Sheephole,34.20482247,-115.7199079,1036
Mojave,SheepholeValley,Sheephole,34.20469883,-115.7200164,1037
Mojave,SheepholeValley,Sheephole,34.20476109,-115.7199872,1038
Mojave,SheepholeValley,Sheephole,34.20477097,-115.7199173,1039
Mojave,SheepholeValley,Sheephole,34.20477811,-115.7198323,1040
Mojave,SheepholeValley,Sheephole,34.20470337,-115.7197861,1041
Mojave,SheepholeValley,Sheephole,34.20471446,-115.7198266,1042
Mojave,SheepholeValley,Sheephole,34.2047583,-115.7200489,1043
Mojave,SheepholeValley,Sheephole,34.20465175,-115.7200431,1044
Mojave,SheepholeValley,Sheephole,34.20467797,-115.7198964,1045
Mojave,SheepholeValley,Sheephole,34.20467199,-115.7199789,1046
Mojave,SheepholeValley,Sheephole,34.20467971,-115.7197462,1047
Mojave,SheepholeValley,Sheephole,34.20462345,-115.7199385,1048
Mojave,SheepholeValley,Sheephole,34.20462515,-115.7197958,1049
Mojave,SheepholeValley,Sheephole,34.20462746,-115.7193748,1050
Mojave,SheepholeValley,Sheephole,34.20461366,-115.7193252,1051
Mojave,SheepholeValley,Sheephole,34.20463598,-115.7192274,1052
Mojave,SheepholeValley,Sheephole,34.20459906,-115.7196443,1053
Mojave,SheepholeValley,Sheephole,34.20459374,-115.7197102,1054
Mojave,SheepholeValley,Sheephole,34.2045562,-115.7194843,1055
Mojave,SheepholeValley,Sheephole,34.20454375,-115.7193065,1056
Mojave,SheepholeValley,Sheephole,34.20452788,-115.7195246,1057
Mojave,SheepholeValley,Sheephole,34.20454794,-115.7194017,1058
Mojave,SheepholeValley,Sheephole,34.20452769,-115.7193455,1059
Mojave,SheepholeValley,Sheephole,34.20454029,-115.7196518,1060
Mojave,SheepholeValley,Sheephole,34.20452401,-115.7196884,1061
Mojave,SheepholeValley,Sheephole,34.20450753,-115.7194785,1062
Mojave,SheepholeValley,Sheephole,34.20448726,-115.7193756,1063
Mojave,SheepholeValley,Sheephole,34.20446689,-115.7195036,1064
Mojave,SheepholeValley,Sheephole,34.2044285,-115.7192751,1065
Mojave,SheepholeValley,Sheephole,34.20436344,-115.7192496,1066
Mojave,SheepholeValley,Sheephole,34.20441836,-115.7193102,1067
Mojave,SheepholeValley,Sheephole,34.20444789,-115.7194576,1068
Mojave,SheepholeValley,Sheephole,34.20443352,-115.7194891,1069
Mojave,SheepholeValley,Sheephole,34.20456193,-115.719603,1070
Mojave,SheepholeValley,Sheephole,34.20453814,-115.7195749,1071
Mojave,SheepholeValley,Sheephole,34.20441508,-115.7195098,1072
Mojave,SheepholeValley,Sheephole,34.20440414,-115.7195428,1073
Mojave,SheepholeValley,Sheephole,34.2044873,-115.7195745,1074
Mojave,SheepholeValley,Sheephole,34.20445865,-115.7198397,1075
Mojave,SheepholeValley,Sheephole,34.20446681,-115.7196146,1076
Mojave,SheepholeValley,Sheephole,34.20444779,-115.7196609,1077
Mojave,SheepholeValley,Sheephole,34.20442677,-115.7196047,1078
Mojave,SheepholeValley,Sheephole,34.20442166,-115.7197048,1079
Mojave,SheepholeValley,Sheephole,34.20442166,-115.7197508,1080
Mojave,SheepholeValley,Sheephole,34.20443197,-115.7197948,1081
Mojave,SheepholeValley,Sheephole,34.20459612,-115.7200665,1082
Mojave,SheepholeValley,Sheephole,34.20453701,-115.7198904,1083
Mojave,SheepholeValley,Sheephole,34.20454417,-115.7199417,1084
Mojave,SheepholeValley,Sheephole,34.20448726,-115.7200805,1085
Mojave,SheepholeValley,Sheephole,34.20442149,-115.7200109,1086
Mojave,SheepholeValley,Sheephole,34.2044469,-115.7199278,1087
Mojave,SheepholeValley,Sheephole,34.20447295,-115.7187588,1088